state,district,geoid,total votes,party,votes,percentage
AL,DISTRICT 1,AL-01,45225,Democratic,45225,100.0
AL,DISTRICT 1,AL-01,45225,Republican,0,0.0
AL,DISTRICT 2,AL-02,44487,Democratic,44487,100.0
AL,DISTRICT 2,AL-02,44487,Republican,0,0.0
AL,DISTRICT 3,AL-03,33881,Democratic,33881,100.0
AL,DISTRICT 3,AL-03,33881,Republican,0,0.0
AL,DISTRICT 4,AL-04,34881,Democratic,34855,99.92546085261317
AL,DISTRICT 4,AL-04,34881,Republican,0,0.0
AL,DISTRICT 4,AL-04,34881,Other,26,0.07453914738682951
AL,DISTRICT 5,AL-05,48772,Democratic,48772,100.0
AL,DISTRICT 5,AL-05,48772,Republican,0,0.0
AL,DISTRICT 6,AL-06,23245,Democratic,23245,100.0
AL,DISTRICT 6,AL-06,23245,Republican,0,0.0
AL,DISTRICT 7,AL-07,36124,Democratic,36124,100.0
AL,DISTRICT 7,AL-07,36124,Republican,0,0.0
AL,DISTRICT 8,AL-08,66211,Democratic,52411,79.15754179819064
AL,DISTRICT 8,AL-08,66211,Republican,13800,20.842458201809364
AL,DISTRICT 9,AL-09,104884,Democratic,70567,67.28099614812555
AL,DISTRICT 9,AL-09,104884,Republican,34317,32.71900385187445
AK,DISTRICT 1,AK-01,59063,Democratic,33546,56.796979496469866
AK,DISTRICT 1,AK-01,59063,Republican,25517,43.20302050353013
AZ,DISTRICT 1,AZ-01,0,Democratic,0,0
AZ,DISTRICT 1,AZ-01,0,Republican,0,0
AZ,DISTRICT 2,AZ-02,0,Democratic,0,0
AZ,DISTRICT 2,AZ-02,0,Republican,0,0
AR,DISTRICT 1,AR-01,0,Democratic,0,0
AR,DISTRICT 1,AR-01,0,Republican,0,0
AR,DISTRICT 2,AR-02,0,Democratic,0,0
AR,DISTRICT 2,AR-02,0,Republican,0,0
AR,DISTRICT 3,AR-03,0,Democratic,0,0
AR,DISTRICT 3,AR-03,0,Republican,0,0
AR,DISTRICT 4,AR-04,0,Democratic,0,0
AR,DISTRICT 4,AR-04,0,Republican,0,0
AR,DISTRICT 5,AR-05,0,Democratic,0,0
AR,DISTRICT 5,AR-05,0,Republican,0,0
AR,DISTRICT 6,AR-06,0,Democratic,0,0
AR,DISTRICT 6,AR-06,0,Republican,0,0
CA,DISTRICT 1,CA-01,0,Democratic,0,0
CA,DISTRICT 1,CA-01,0,Republican,0,0
CA,DISTRICT 2,CA-02,224338,Democratic,115829,51.63146680455384
CA,DISTRICT 2,CA-02,224338,Republican,108505,48.36675017161605
CA,DISTRICT 2,CA-02,224338,Other,4,0.0017830238301134896
CA,DISTRICT 3,CA-03,174763,Democratic,109565,62.69347630791414
CA,DISTRICT 3,CA-03,174763,Republican,65198,37.306523692085854
CA,DISTRICT 4,CA-04,265684,Democratic,200439,75.44263109558725
CA,DISTRICT 4,CA-04,265684,Republican,65198,24.539678716068714
CA,DISTRICT 4,CA-04,265684,Other,47,0.017690188344047817
CA,DISTRICT 5,CA-05,181063,Democratic,62814,34.691792359565454
CA,DISTRICT 5,CA-05,181063,Republican,118249,65.30820764043455
CA,DISTRICT 6,CA-06,124812,Democratic,104507,83.7315322244656
CA,DISTRICT 6,CA-06,124812,Republican,20305,16.268467775534404
CA,DISTRICT 7,CA-07,218678,Democratic,90260,41.27529975580534
CA,DISTRICT 7,CA-07,218678,Republican,128418,58.72470024419466
CA,DISTRICT 8,CA-08,139852,Democratic,79776,57.04315991190687
CA,DISTRICT 8,CA-08,139852,Republican,60065,42.948974630323484
CA,DISTRICT 8,CA-08,139852,Other,11,0.007865457769642193
CA,DISTRICT 9,CA-09,245887,Democratic,152476,62.01059836428928
CA,DISTRICT 9,CA-09,245887,Republican,93403,37.98614810868407
CA,DISTRICT 9,CA-09,245887,Other,8,0.0032535270266423194
CA,DISTRICT 10,CA-10,196823,Democratic,80227,40.760988299131704
CA,DISTRICT 10,CA-10,196823,Republican,116589,59.235455205946465
CA,DISTRICT 10,CA-10,196823,Other,7,0.0035564949218333222
CA,DISTRICT 11,CA-11,288587,Democratic,118520,41.069071025375365
CA,DISTRICT 11,CA-11,288587,Republican,170063,58.92954291080332
CA,DISTRICT 11,CA-11,288587,Other,4,0.001386063821308652
CA,DISTRICT 12,CA-12,148848,Democratic,97368,65.41438245727184
CA,DISTRICT 12,CA-12,148848,Republican,51473,34.580914758679995
CA,DISTRICT 12,CA-12,148848,Other,7,0.004702784048156508
CA,DISTRICT 13,CA-13,193573,Democratic,141974,73.34390643323191
CA,DISTRICT 13,CA-13,193573,Republican,51473,26.59100184426547
CA,DISTRICT 13,CA-13,193573,Other,126,0.06509172250262175
CA,DISTRICT 14,CA-14,224674,Democratic,78597,34.982686025085236
CA,DISTRICT 14,CA-14,224674,Republican,146072,65.01508852826763
CA,DISTRICT 14,CA-14,224674,Other,5,0.0022254466471420815
CA,DISTRICT 15,CA-15,171827,Democratic,97026,56.46726067498123
CA,DISTRICT 15,CA-15,171827,Republican,74800,43.53215734430561
CA,DISTRICT 15,CA-15,171827,Other,1,0.0005819807131591659
CA,DISTRICT 16,CA-16,174035,Democratic,84650,48.63964145143218
CA,DISTRICT 16,CA-16,174035,Republican,89234,51.273594391932654
CA,DISTRICT 16,CA-16,174035,Other,151,0.0867641566351596
CA,DISTRICT 17,CA-17,150928,Democratic,67318,44.60272447789674
CA,DISTRICT 17,CA-17,150928,Republican,83601,55.39131241386621
CA,DISTRICT 17,CA-17,150928,Other,9,0.005963108237040178
CA,DISTRICT 18,CA-18,305130,Democratic,206620,67.71539999344542
CA,DISTRICT 18,CA-18,305130,Republican,98510,32.284600006554584
CA,DISTRICT 19,CA-19,185642,Democratic,55735,30.02283965912886
CA,DISTRICT 19,CA-19,185642,Republican,129851,69.94699475334245
CA,DISTRICT 19,CA-19,185642,Other,56,0.030165587528684243
CA,DISTRICT 20,CA-20,186004,Democratic,145479,78.2128341325993
CA,DISTRICT 20,CA-20,186004,Republican,40491,21.768886690608806
CA,DISTRICT 20,CA-20,186004,Other,34,0.01827917679189695
CA,DISTRICT 21,CA-21,128714,Democratic,38497,29.908945413863293
CA,DISTRICT 21,CA-21,128714,Republican,90214,70.08872383734482
CA,DISTRICT 21,CA-21,128714,Other,3,0.0023307487918952097
CA,DISTRICT 22,CA-22,306970,Democratic,127591,41.56464801120631
CA,DISTRICT 22,CA-22,306970,Republican,179376,58.43437469459556
CA,DISTRICT 22,CA-22,306970,Other,3,0.0009772941981301105
CA,DISTRICT 23,CA-23,205250,Democratic,104919,51.11766138855055
CA,DISTRICT 23,CA-23,205250,Republican,100321,48.8774665042631
CA,DISTRICT 23,CA-23,205250,Other,10,0.0048721071863581
CA,DISTRICT 24,CA-24,199977,Democratic,148415,74.21603484400705
CA,DISTRICT 24,CA-24,199977,Republican,51548,25.776964350900357
CA,DISTRICT 24,CA-24,199977,Other,14,0.007000805092585648
CA,DISTRICT 25,CA-25,138118,Democratic,55613,40.26484600124532
CA,DISTRICT 25,CA-25,138118,Republican,82497,59.72936185001231
CA,DISTRICT 25,CA-25,138118,Other,8,0.005792148742379704
CA,DISTRICT 26,CA-26,340842,Democratic,158289,46.440579506046795
CA,DISTRICT 26,CA-26,340842,Republican,182545,53.55707336537164
CA,DISTRICT 26,CA-26,340842,Other,8,0.00234712858157152
CA,DISTRICT 27,CA-27,204861,Democratic,150318,73.37560589863371
CA,DISTRICT 27,CA-27,204861,Republican,54540,26.622929693792376
CA,DISTRICT 27,CA-27,204861,Other,3,0.0014644075739159723
CA,DISTRICT 28,CA-28,185140,Democratic,123645,66.78459544128768
CA,DISTRICT 28,CA-28,185140,Republican,61484,33.20946310899859
CA,DISTRICT 28,CA-28,185140,Other,11,0.00594144971373015
CA,DISTRICT 29,CA-29,397142,Democratic,155221,39.08450881548665
CA,DISTRICT 29,CA-29,397142,Republican,241765,60.87621052419537
CA,DISTRICT 29,CA-29,397142,Other,156,0.03928066031797191
CA,DISTRICT 30,CA-30,133460,Democratic,76139,57.05005245017234
CA,DISTRICT 30,CA-30,133460,Republican,57319,42.9484489734752
CA,DISTRICT 30,CA-30,133460,Other,2,0.0014985763524651581
CO,DISTRICT 1,CO-01,0,Democratic,0,0
CO,DISTRICT 1,CO-01,0,Republican,0,0
CO,DISTRICT 2,CO-02,0,Democratic,0,0
CO,DISTRICT 2,CO-02,0,Republican,0,0
CO,DISTRICT 3,CO-03,0,Democratic,0,0
CO,DISTRICT 3,CO-03,0,Republican,0,0
CO,DISTRICT 4,CO-04,0,Democratic,0,0
CO,DISTRICT 4,CO-04,0,Republican,0,0
CT,DISTRICT 1,CT-01,330716,Democratic,193330,58.45801231267915
CT,DISTRICT 1,CT-01,330716,Republican,137386,41.54198768732084
CT,DISTRICT 2,CT-02,187486,Democratic,93515,49.87839091985535
CT,DISTRICT 2,CT-02,187486,Republican,93971,50.121609080144644
CT,DISTRICT 3,CT-03,226818,Democratic,124547,54.91054501847296
CT,DISTRICT 3,CT-03,226818,Republican,102271,45.08945498152704
CT,DISTRICT 4,CT-04,313209,Democratic,150205,47.9567956220926
CT,DISTRICT 4,CT-04,313209,Republican,160654,51.2929066533848
CT,DISTRICT 4,CT-04,313209,Other,2350,0.7502977245226031
CT,DISTRICT 5,CT-05,160274,Democratic,88310,55.09939229070218
CT,DISTRICT 5,CT-05,160274,Republican,71964,44.90060770929783
CT,DISTRICT 6,CT-06,1218483,Democratic,657680,53.975311924745775
CT,DISTRICT 6,CT-06,1218483,Republican,560803,46.024688075254225
DE,DISTRICT 1,DE-01,104564,Democratic,8227,7.8679086492483075
DE,DISTRICT 1,DE-01,104564,Republican,96337,92.1320913507517
FL,DISTRICT 1,FL-01,273019,Democratic,113504,41.57366337141371
FL,DISTRICT 1,FL-01,273019,Republican,159515,58.426336628586284
FL,DISTRICT 2,FL-02,114660,Democratic,94570,82.47863247863248
FL,DISTRICT 2,FL-02,114660,Republican,20090,17.52136752136752
FL,DISTRICT 3,FL-03,95062,Democratic,95062,100.0
FL,DISTRICT 3,FL-03,95062,Republican,0,0.0
FL,DISTRICT 4,FL-04,275232,Democratic,194023,70.49434658760609
FL,DISTRICT 4,FL-04,275232,Republican,81209,29.505653412393904
FL,DISTRICT 5,FL-05,252164,Democratic,252164,100.0
FL,DISTRICT 5,FL-05,252164,Republican,0,0.0
FL,DISTRICT 6,FL-06,149920,Democratic,65144,43.45250800426894
FL,DISTRICT 6,FL-06,149920,Republican,84776,56.54749199573106
FL,DISTRICT 7,FL-07,87717,Democratic,46794,53.34655767981121
FL,DISTRICT 7,FL-07,87717,Republican,40923,46.65344232018879
FL,DISTRICT 8,FL-08,0,Democratic,0,0
FL,DISTRICT 8,FL-08,0,Republican,0,0
GA,DISTRICT 1,GA-01,53749,Democratic,53749,100.0
GA,DISTRICT 1,GA-01,53749,Republican,0,0.0
GA,DISTRICT 2,GA-02,43596,Democratic,43596,100.0
GA,DISTRICT 2,GA-02,43596,Republican,0,0.0
GA,DISTRICT 3,GA-03,55187,Democratic,55005,99.67021218765288
GA,DISTRICT 3,GA-03,55187,Republican,182,0.32978781234711074
GA,DISTRICT 4,GA-04,53394,Democratic,53394,100.0
GA,DISTRICT 4,GA-04,53394,Republican,0,0.0
GA,DISTRICT 5,GA-05,80295,Democratic,80023,99.6612491437823
GA,DISTRICT 5,GA-05,80295,Republican,0,0.0
GA,DISTRICT 5,GA-05,80295,Other,272,0.33875085621769724
GA,DISTRICT 6,GA-06,44237,Democratic,44237,100.0
GA,DISTRICT 6,GA-06,44237,Republican,0,0.0
GA,DISTRICT 7,GA-07,94002,Democratic,69717,74.16544328844067
GA,DISTRICT 7,GA-07,94002,Republican,24285,25.83455671155933
GA,DISTRICT 8,GA-08,50540,Democratic,50456,99.83379501385042
GA,DISTRICT 8,GA-08,50540,Republican,84,0.16620498614958448
GA,DISTRICT 9,GA-09,57549,Democratic,57549,100.0
GA,DISTRICT 9,GA-09,57549,Republican,0,0.0
GA,DISTRICT 10,GA-10,41720,Democratic,41679,99.90172579098754
GA,DISTRICT 10,GA-10,41720,Republican,0,0.0
GA,DISTRICT 10,GA-10,41720,Other,41,0.09827420901246403
HI,DISTRICT 1,HI-01,182639,Democratic,135827,74.36911064997071
HI,DISTRICT 1,HI-01,182639,Republican,46812,25.63088935002929
ID,DISTRICT 1,ID-01,0,Democratic,0,0
ID,DISTRICT 1,ID-01,0,Republican,0,0
ID,DISTRICT 2,ID-02,0,Democratic,0,0
ID,DISTRICT 2,ID-02,0,Republican,0,0
IL,DISTRICT 1,IL-01,97598,Democratic,75938,77.8069222729974
IL,DISTRICT 1,IL-01,97598,Republican,21660,22.193077727002603
IL,DISTRICT 2,IL-02,155563,Democratic,103535,66.55502915217629
IL,DISTRICT 2,IL-02,155563,Republican,52028,33.44497084782371
IL,DISTRICT 3,IL-03,193830,Democratic,114523,59.08424908424909
IL,DISTRICT 3,IL-03,193830,Republican,79307,40.91575091575091
IL,DISTRICT 4,IL-04,321252,Democratic,141772,44.1310871216366
IL,DISTRICT 4,IL-04,321252,Republican,179480,55.86891287836341
IL,DISTRICT 5,IL-05,170270,Democratic,121240,71.20455746755154
IL,DISTRICT 5,IL-05,170270,Republican,49030,28.79544253244846
IL,DISTRICT 6,IL-06,149835,Democratic,107474,71.72823439116361
IL,DISTRICT 6,IL-06,149835,Republican,42361,28.271765608836386
IL,DISTRICT 7,IL-07,122334,Democratic,98494,80.5123677800121
IL,DISTRICT 7,IL-07,122334,Republican,23840,19.4876322199879
IL,DISTRICT 8,IL-08,120743,Democratic,81092,67.16082919920824
IL,DISTRICT 8,IL-08,120743,Republican,39651,32.83917080079177
IL,DISTRICT 9,IL-09,134367,Democratic,80681,60.0452492055341
IL,DISTRICT 9,IL-09,134367,Republican,53686,39.9547507944659
IL,DISTRICT 10,IL-10,221885,Democratic,95214,42.911418076931746
IL,DISTRICT 10,IL-10,221885,Republican,126671,57.08858192306826
IL,DISTRICT 11,IL-11,187529,Democratic,101224,53.977784769289016
IL,DISTRICT 11,IL-11,187529,Republican,86305,46.022215230710984
IL,DISTRICT 12,IL-12,186885,Democratic,94907,50.78363699601359
IL,DISTRICT 12,IL-12,186885,Republican,91978,49.21636300398641
IL,DISTRICT 13,IL-13,406995,Democratic,138348,33.99255519109571
IL,DISTRICT 13,IL-13,406995,Republican,268647,66.00744480890428
IL,DISTRICT 14,IL-14,262073,Democratic,94945,36.228455430357194
IL,DISTRICT 14,IL-14,262073,Republican,167128,63.77154456964281
IL,DISTRICT 15,IL-15,186287,Democratic,92301,49.547740851481855
IL,DISTRICT 15,IL-15,186287,Republican,93986,50.45225914851814
IL,DISTRICT 16,IL-16,185637,Democratic,69944,37.67783362153019
IL,DISTRICT 16,IL-16,185637,Republican,115693,62.32216637846981
IL,DISTRICT 17,IL-17,175916,Democratic,68020,38.66618158666636
IL,DISTRICT 17,IL-17,175916,Republican,107896,61.33381841333364
IL,DISTRICT 18,IL-18,159273,Democratic,64885,40.73822932951599
IL,DISTRICT 18,IL-18,159273,Republican,94388,59.26177067048401
IL,DISTRICT 19,IL-19,163322,Democratic,80700,49.411591824738856
IL,DISTRICT 19,IL-19,163322,Republican,82622,50.588408175261144
IL,DISTRICT 20,IL-20,139076,Democratic,61790,44.42894532485835
IL,DISTRICT 20,IL-20,139076,Republican,77286,55.57105467514165
IL,DISTRICT 21,IL-21,186625,Democratic,102154,54.737575351640984
IL,DISTRICT 21,IL-21,186625,Republican,84471,45.26242464835901
IL,DISTRICT 22,IL-22,160275,Democratic,61837,38.58181250974887
IL,DISTRICT 22,IL-22,160275,Republican,98438,61.41818749025113
IL,DISTRICT 23,IL-23,156527,Democratic,80718,51.56810007219201
IL,DISTRICT 23,IL-23,156527,Republican,75809,48.43189992780798
IL,DISTRICT 24,IL-24,200180,Democratic,144560,72.21500649415526
IL,DISTRICT 24,IL-24,200180,Republican,55620,27.784993505844742
IL,DISTRICT 25,IL-25,159294,Democratic,92227,57.897347043830905
IL,DISTRICT 25,IL-25,159294,Republican,67067,42.102652956169095
IN,DISTRICT 1,IN-01,210839,Democratic,136443,64.7143080739332
IN,DISTRICT 1,IN-01,210839,Republican,73984,35.0902821584242
IN,DISTRICT 1,IN-01,210839,Other,412,0.1954097676426088
IN,DISTRICT 2,IN-02,166937,Democratic,70464,42.20993548464391
IN,DISTRICT 2,IN-02,166937,Republican,95920,57.45880182344237
IN,DISTRICT 2,IN-02,166937,Other,553,0.33126269191371593
IN,DISTRICT 3,IN-03,219500,Democratic,115070,52.42369020501138
IN,DISTRICT 3,IN-03,219500,Republican,104430,47.57630979498861
IN,DISTRICT 4,IN-04,172670,Democratic,72251,41.843400706550064
IN,DISTRICT 4,IN-04,172670,Republican,100419,58.15659929344993
IN,DISTRICT 5,IN-05,213746,Democratic,106874,50.00046784501231
IN,DISTRICT 5,IN-05,213746,Republican,106872,49.9995321549877
IN,DISTRICT 6,IN-06,162909,Democratic,78247,48.03110939236015
IN,DISTRICT 6,IN-06,162909,Republican,84662,51.96889060763985
IN,DISTRICT 7,IN-07,159644,Democratic,63646,39.867455087569844
IN,DISTRICT 7,IN-07,159644,Republican,95998,60.132544912430156
IN,DISTRICT 8,IN-08,203062,Democratic,108058,53.21428923186022
IN,DISTRICT 8,IN-08,203062,Republican,94694,46.633048034590416
IN,DISTRICT 8,IN-08,203062,Other,310,0.1526627335493593
IN,DISTRICT 9,IN-09,141163,Democratic,69761,49.41875703973421
IN,DISTRICT 9,IN-09,141163,Republican,71402,50.58124296026579
IN,DISTRICT 10,IN-10,183601,Democratic,78716,42.87340482894974
IN,DISTRICT 10,IN-10,183601,Republican,104885,57.12659517105026
IN,DISTRICT 11,IN-11,288261,Democratic,133153,46.19181921938799
IN,DISTRICT 11,IN-11,288261,Republican,154676,53.6583165950302
IN,DISTRICT 11,IN-11,288261,Other,432,0.14986418558181647
IA,DISTRICT 1,IA-01,172024,Democratic,67287,39.114890945449474
IA,DISTRICT 1,IA-01,172024,Republican,104737,60.885109054550526
IA,DISTRICT 2,IA-02,205745,Democratic,97608,47.441250091132225
IA,DISTRICT 2,IA-02,205745,Republican,108137,52.558749908867775
IA,DISTRICT 3,IA-03,175883,Democratic,76837,43.68642790946254
IA,DISTRICT 3,IA-03,175883,Republican,99046,56.313572090537455
IA,DISTRICT 4,IA-04,114934,Democratic,49918,43.43188264569231
IA,DISTRICT 4,IA-04,114934,Republican,65016,56.56811735430769
IA,DISTRICT 5,IA-05,173282,Democratic,91808,52.98184462321534
IA,DISTRICT 5,IA-05,173282,Republican,81474,47.01815537678466
IA,DISTRICT 6,IA-06,131187,Democratic,70353,53.62802716732603
IA,DISTRICT 6,IA-06,131187,Republican,60834,46.37197283267397
IA,DISTRICT 7,IA-07,118251,Democratic,52214,44.1552291312547
IA,DISTRICT 7,IA-07,118251,Republican,66037,55.8447708687453
IA,DISTRICT 8,IA-08,134916,Democratic,57333,42.495330427821756
IA,DISTRICT 8,IA-08,134916,Republican,77583,57.504669572178244
KS,DISTRICT 1,KS-01,0,Democratic,0,0
KS,DISTRICT 1,KS-01,0,Republican,0,0
KS,DISTRICT 2,KS-02,134414,Democratic,49598,36.89943011888643
KS,DISTRICT 2,KS-02,134414,Republican,84816,63.10056988111358
KS,DISTRICT 3,KS-03,104251,Democratic,8905,8.54188449031664
KS,DISTRICT 3,KS-03,104251,Republican,95346,91.45811550968335
KS,DISTRICT 4,KS-04,96556,Democratic,47127,48.8079456481213
KS,DISTRICT 4,KS-04,96556,Republican,49429,51.1920543518787
KS,DISTRICT 5,KS-05,215981,Democratic,96706,44.77523485862182
KS,DISTRICT 5,KS-05,215981,Republican,119275,55.22476514137817
KS,DISTRICT 6,KS-06,136481,Democratic,75687,55.45607080839091
KS,DISTRICT 6,KS-06,136481,Republican,60794,44.54392919160909
KY,DISTRICT 1,KY-01,66248,Democratic,66248,100.0
KY,DISTRICT 1,KY-01,66248,Republican,0,0.0
KY,DISTRICT 2,KY-02,55877,Democratic,55877,100.0
KY,DISTRICT 2,KY-02,55877,Republican,0,0.0
KY,DISTRICT 3,KY-03,229684,Democratic,115421,50.25208547395552
KY,DISTRICT 3,KY-03,229684,Republican,114263,49.74791452604448
KY,DISTRICT 4,KY-04,48743,Democratic,48743,100.0
KY,DISTRICT 4,KY-04,48743,Republican,0,0.0
KY,DISTRICT 5,KY-05,114680,Democratic,63555,55.41942797349145
KY,DISTRICT 5,KY-05,114680,Republican,51125,44.58057202650855
KY,DISTRICT 6,KY-06,136295,Democratic,74500,54.660845959132764
KY,DISTRICT 6,KY-06,136295,Republican,61795,45.339154040867236
KY,DISTRICT 7,KY-07,147433,Democratic,82746,56.124476881023924
KY,DISTRICT 7,KY-07,147433,Republican,64687,43.875523118976076
KY,DISTRICT 8,KY-08,114066,Democratic,32163,28.196833412235023
KY,DISTRICT 8,KY-08,114066,Republican,81903,71.80316658776498
LA,DISTRICT 1,LA-01,85779,Democratic,70465,82.14714557175998
LA,DISTRICT 1,LA-01,85779,Republican,15314,17.85285442824001
LA,DISTRICT 2,LA-02,103852,Democratic,81034,78.02834803374033
LA,DISTRICT 2,LA-02,103852,Republican,22818,21.971651966259678
LA,DISTRICT 3,LA-03,62714,Democratic,52428,83.5985585355742
LA,DISTRICT 3,LA-03,62714,Republican,10286,16.401441464425805
LA,DISTRICT 4,LA-04,64573,Democratic,48286,74.7773837362365
LA,DISTRICT 4,LA-04,64573,Republican,16287,25.22261626376349
LA,DISTRICT 5,LA-05,22181,Democratic,22181,100.0
LA,DISTRICT 5,LA-05,22181,Republican,0,0.0
LA,DISTRICT 6,LA-06,91873,Democratic,78640,85.59642114658278
LA,DISTRICT 6,LA-06,91873,Republican,13233,14.403578853417217
LA,DISTRICT 7,LA-07,60007,Democratic,60007,100.0
LA,DISTRICT 7,LA-07,60007,Republican,0,0.0
LA,DISTRICT 8,LA-08,28492,Democratic,28492,100.0
LA,DISTRICT 8,LA-08,28492,Republican,0,0.0
ME,DISTRICT 1,ME-01,159647,Democratic,73826,46.24327422375617
ME,DISTRICT 1,ME-01,159647,Republican,85821,53.75672577624384
ME,DISTRICT 2,ME-02,62309,Democratic,62309,100.0
ME,DISTRICT 2,ME-02,62309,Republican,0,0.0
ME,DISTRICT 3,ME-03,71689,Democratic,0,0.0
ME,DISTRICT 3,ME-03,71689,Republican,71271,99.41692588821158
ME,DISTRICT 3,ME-03,71689,Other,418,0.5830741117884194
MD,DISTRICT 1,MD-01,78727,Democratic,42219,53.62709108692062
MD,DISTRICT 1,MD-01,78727,Republican,36508,46.37290891307938
MD,DISTRICT 2,MD-02,215714,Democratic,126452,58.620210092993496
MD,DISTRICT 2,MD-02,215714,Republican,89262,41.3797899070065
MD,DISTRICT 3,MD-03,71180,Democratic,57154,80.29502669289126
MD,DISTRICT 3,MD-03,71180,Republican,14026,19.704973307108737
MD,DISTRICT 4,MD-04,73539,Democratic,48145,65.46866288635962
MD,DISTRICT 4,MD-04,73539,Republican,25394,34.53133711364038
MD,DISTRICT 5,MD-05,194206,Democratic,120773,62.18808893649012
MD,DISTRICT 5,MD-05,194206,Republican,73433,37.81191106350988
MD,DISTRICT 6,MD-06,221186,Democratic,106098,47.96777372889785
MD,DISTRICT 6,MD-06,221186,Republican,115088,52.03222627110215
MD,DISTRICT 7,MD-07,126253,Democratic,81474,64.53232794468249
MD,DISTRICT 7,MD-07,126253,Republican,44779,35.46767205531749
MA,DISTRICT 1,MA-01,0,Democratic,0,0
MA,DISTRICT 1,MA-01,0,Republican,0,0
MA,DISTRICT 2,MA-02,150295,Democratic,46863,31.180677999933465
MA,DISTRICT 2,MA-02,150295,Republican,102921,68.47932399614093
MA,DISTRICT 2,MA-02,150295,Other,511,0.33999800392561297
MA,DISTRICT 3,MA-03,135825,Democratic,135815,99.99263758512792
MA,DISTRICT 3,MA-03,135825,Republican,0,0.0
MA,DISTRICT 3,MA-03,135825,Other,10,0.007362414872078041
MA,DISTRICT 4,MA-04,212575,Democratic,145287,68.34623074209102
MA,DISTRICT 4,MA-04,212575,Republican,67270,31.645301658238267
MA,DISTRICT 4,MA-04,212575,Other,18,0.008467599670704457
MA,DISTRICT 5,MA-05,189634,Democratic,122364,64.5264034930445
MA,DISTRICT 5,MA-05,189634,Republican,67270,35.4735965069555
MA,DISTRICT 6,MA-06,225933,Democratic,102765,45.484723347187
MA,DISTRICT 6,MA-06,225933,Republican,123161,54.512178389168476
MA,DISTRICT 6,MA-06,225933,Other,7,0.0030982636445317856
MA,DISTRICT 7,MA-07,171147,Democratic,58312,34.071295436087105
MA,DISTRICT 7,MA-07,171147,Republican,112835,65.9287045639129
MA,DISTRICT 8,MA-08,176788,Democratic,117237,66.31502138154174
MA,DISTRICT 8,MA-08,176788,Republican,59550,33.68441296920606
MA,DISTRICT 8,MA-08,176788,Other,1,0.0005656492522116886
MA,DISTRICT 9,MA-09,173883,Democratic,114333,65.7528338020393
MA,DISTRICT 9,MA-09,173883,Republican,59550,34.2471661979607
MA,DISTRICT 10,MA-10,199179,Democratic,88222,44.292822034451426
MA,DISTRICT 10,MA-10,199179,Republican,110955,55.70617384362809
MA,DISTRICT 10,MA-10,199179,Other,2,0.0010041219204835852
MA,DISTRICT 11,MA-11,175978,Democratic,86057,48.9021354942095
MA,DISTRICT 11,MA-11,175978,Republican,89921,51.09786450579049
MA,DISTRICT 12,MA-12,216857,Democratic,126936,58.534425912006526
MA,DISTRICT 12,MA-12,216857,Republican,89921,41.465574087993474
MA,DISTRICT 13,MA-13,191086,Democratic,75815,39.675852757397195
MA,DISTRICT 13,MA-13,191086,Republican,115269,60.32310059345007
MA,DISTRICT 13,MA-13,191086,Other,2,0.001046649152737511
MA,DISTRICT 14,MA-14,0,Democratic,0,0
MA,DISTRICT 14,MA-14,0,Republican,0,0
MI,DISTRICT 1,MI-01,116406,Democratic,102948,88.43874027112004
MI,DISTRICT 1,MI-01,116406,Republican,13157,11.302681992337165
MI,DISTRICT 1,MI-01,116406,Other,301,0.25857773654278987
MI,DISTRICT 2,MI-02,184709,Democratic,74276,40.21244227406353
MI,DISTRICT 2,MI-02,184709,Republican,110124,59.62026755599348
MI,DISTRICT 2,MI-02,184709,Other,309,0.1672901699429914
MI,DISTRICT 3,MI-03,166681,Democratic,65402,39.237825547002956
MI,DISTRICT 3,MI-03,166681,Republican,100918,60.54559307899521
MI,DISTRICT 3,MI-03,166681,Other,361,0.21658137400183586
MI,DISTRICT 4,MI-04,0,Democratic,0,0
MI,DISTRICT 4,MI-04,0,Republican,0,0
MI,DISTRICT 5,MI-05,244432,Democratic,105864,43.31020488315769
MI,DISTRICT 5,MI-05,244432,Republican,138355,56.602654316947046
MI,DISTRICT 5,MI-05,244432,Other,213,0.08714079989526739
MI,DISTRICT 6,MI-06,267877,Democratic,142795,53.306181568406394
MI,DISTRICT 6,MI-06,267877,Republican,124750,46.569880952825365
MI,DISTRICT 6,MI-06,267877,Other,332,0.12393747876824064
MI,DISTRICT 7,MI-07,151752,Democratic,57126,37.64431440771786
MI,DISTRICT 7,MI-07,151752,Republican,94405,62.210053244767785
MI,DISTRICT 7,MI-07,151752,Other,221,0.14563234751436555
MI,DISTRICT 8,MI-08,130012,Democratic,52375,40.28474294680491
MI,DISTRICT 8,MI-08,130012,Republican,77541,59.641417715287815
MI,DISTRICT 8,MI-08,130012,Other,96,0.0738393379072701
MI,DISTRICT 9,MI-09,121986,Democratic,46140,37.82401259160888
MI,DISTRICT 9,MI-09,121986,Republican,75846,62.17598740839113
MI,DISTRICT 10,MI-10,99004,Democratic,44650,45.09918791159953
MI,DISTRICT 10,MI-10,99004,Republican,54300,54.84626883762272
MI,DISTRICT 10,MI-10,99004,Other,54,0.054543250777746355
MI,DISTRICT 11,MI-11,79600,Democratic,31137,39.11683417085427
MI,DISTRICT 11,MI-11,79600,Republican,48422,60.83165829145729
MI,DISTRICT 11,MI-11,79600,Other,41,0.05150753768844221
MI,DISTRICT 12,MI-12,107523,Democratic,76812,71.43773890237438
MI,DISTRICT 12,MI-12,107523,Republican,30369,28.24418961524511
MI,DISTRICT 12,MI-12,107523,Other,342,0.3180714823805139
MI,DISTRICT 13,MI-13,211352,Democratic,132602,62.739884174268525
MI,DISTRICT 13,MI-13,211352,Republican,78548,37.16454067148643
MI,DISTRICT 13,MI-13,211352,Other,202,0.0955751542450509
MI,DISTRICT 14,MI-14,140493,Democratic,111671,79.48509890172464
MI,DISTRICT 14,MI-14,140493,Republican,28532,20.308485120255103
MI,DISTRICT 14,MI-14,140493,Other,290,0.20641597802025727
MI,DISTRICT 15,MI-15,320369,Democratic,211733,66.09035206277761
MI,DISTRICT 15,MI-15,320369,Republican,108332,33.81475735792165
MI,DISTRICT 15,MI-15,320369,Other,304,0.09489057930074382
MI,DISTRICT 16,MI-16,233745,Democratic,134660,57.60978844467262
MI,DISTRICT 16,MI-16,233745,Republican,98721,42.234486299172175
MI,DISTRICT 16,MI-16,233745,Other,364,0.15572525615521188
MI,DISTRICT 17,MI-17,292291,Democratic,128678,44.02393505102791
MI,DISTRICT 17,MI-17,292291,Republican,163233,55.84605752486392
MI,DISTRICT 17,MI-17,292291,Other,380,0.13000742410816618
MI,DISTRICT 18,MI-18,0,Democratic,0,0
MI,DISTRICT 18,MI-18,0,Republican,0,0
MN,DISTRICT 1,MN-01,165803,Democratic,65422,39.4576696440957
MN,DISTRICT 1,MN-01,165803,Republican,100381,60.5423303559043
MN,DISTRICT 2,MN-02,168710,Democratic,72239,42.818445853832024
MN,DISTRICT 2,MN-02,168710,Republican,96471,57.181554146167976
MN,DISTRICT 3,MN-03,300214,Democratic,139908,46.60275670022051
MN,DISTRICT 3,MN-03,300214,Republican,154847,51.578873736734465
MN,DISTRICT 3,MN-03,300214,Other,5459,1.8183695630450278
MN,DISTRICT 4,MN-04,178373,Democratic,108738,60.961019885296544
MN,DISTRICT 4,MN-04,178373,Republican,69635,39.038980114703456
MN,DISTRICT 5,MN-05,141600,Democratic,55377,39.108050847457626
MN,DISTRICT 5,MN-05,141600,Republican,86223,60.89194915254237
MN,DISTRICT 6,MN-06,146637,Democratic,87332,59.55659212886243
MN,DISTRICT 6,MN-06,146637,Republican,59305,40.44340787113757
MN,DISTRICT 7,MN-07,140096,Democratic,66609,47.545254682503426
MN,DISTRICT 7,MN-07,140096,Republican,73487,52.454745317496574
MN,DISTRICT 8,MN-08,154253,Democratic,107154,69.46639611547263
MN,DISTRICT 8,MN-08,154253,Republican,47099,30.533603884527366
MN,DISTRICT 9,MN-09,119436,Democratic,57114,47.8197528383402
MN,DISTRICT 9,MN-09,119436,Republican,62322,52.1802471616598
MS,DISTRICT 1,MS-01,47399,Democratic,44381,93.63277706280724
MS,DISTRICT 1,MS-01,47399,Republican,3018,6.367222937192768
MS,DISTRICT 2,MS-02,23942,Democratic,23942,100.0
MS,DISTRICT 2,MS-02,23942,Republican,0,0.0
MS,DISTRICT 3,MS-03,27610,Democratic,25592,92.69105396595437
MS,DISTRICT 3,MS-03,27610,Republican,2018,7.308946034045635
MS,DISTRICT 4,MS-04,58974,Democratic,58974,100.0
MS,DISTRICT 4,MS-04,58974,Republican,0,0.0
MS,DISTRICT 5,MS-05,40480,Democratic,40480,100.0
MS,DISTRICT 5,MS-05,40480,Republican,0,0.0
MS,DISTRICT 6,MS-06,59372,Democratic,59372,100.0
MS,DISTRICT 6,MS-06,59372,Republican,0,0.0
MO,DISTRICT 1,MO-01,228034,Democratic,161394,70.77628774656411
MO,DISTRICT 1,MO-01,228034,Republican,66640,29.22371225343589
MO,DISTRICT 2,MO-02,265130,Democratic,114803,43.30064496662015
MO,DISTRICT 2,MO-02,265130,Republican,150327,56.69935503337985
MO,DISTRICT 3,MO-03,119539,Democratic,87637,73.31247542642987
MO,DISTRICT 3,MO-03,119539,Republican,31902,26.68752457357013
MO,DISTRICT 4,MO-04,206627,Democratic,111557,53.98955605995345
MO,DISTRICT 4,MO-04,206627,Republican,95070,46.01044394004656
MO,DISTRICT 5,MO-05,122644,Democratic,74834,61.01725318808911
MO,DISTRICT 5,MO-05,122644,Republican,47810,38.98274681191089
MO,DISTRICT 6,MO-06,170923,Democratic,93285,54.57720728047132
MO,DISTRICT 6,MO-06,170923,Republican,77638,45.42279271952868
MO,DISTRICT 7,MO-07,195370,Democratic,88162,45.12565900598864
MO,DISTRICT 7,MO-07,195370,Republican,107208,54.87434099401136
MO,DISTRICT 8,MO-08,136254,Democratic,79020,57.99462768065524
MO,DISTRICT 8,MO-08,136254,Republican,57234,42.00537231934475
MO,DISTRICT 9,MO-09,179482,Democratic,107384,59.82995509298983
MO,DISTRICT 9,MO-09,179482,Republican,72098,40.17004490701017
MO,DISTRICT 10,MO-10,69997,Democratic,69997,100.0
MO,DISTRICT 10,MO-10,69997,Republican,0,0.0
MO,DISTRICT 11,MO-11,149371,Democratic,74866,50.12084005596803
MO,DISTRICT 11,MO-11,149371,Republican,74505,49.879159944031976
MT,DISTRICT 1,MT-01,0,Democratic,0,0
MT,DISTRICT 1,MT-01,0,Republican,0,0
MT,DISTRICT 2,MT-02,0,Democratic,0,0
MT,DISTRICT 2,MT-02,0,Republican,0,0
NE,DISTRICT 1,NE-01,161002,Democratic,71626,44.48764611619732
NE,DISTRICT 1,NE-01,161002,Republican,89376,55.51235388380269
NE,DISTRICT 2,NE-02,152115,Democratic,50768,33.374749367255035
NE,DISTRICT 2,NE-02,152115,Republican,101347,66.62525063274497
NE,DISTRICT 3,NE-03,130967,Democratic,63838,48.74357662617301
NE,DISTRICT 3,NE-03,130967,Republican,67129,51.256423373827
NE,DISTRICT 4,NE-04,136453,Democratic,66699,48.88056693513517
NE,DISTRICT 4,NE-04,136453,Republican,69754,51.11943306486483
NV,DISTRICT 1,NV-01,103602,Democratic,59616,57.54329067006429
NV,DISTRICT 1,NV-01,103602,Republican,43986,42.45670932993571
NH,DISTRICT 1,NH-01,0,Democratic,0,0
NH,DISTRICT 1,NH-01,0,Republican,0,0
NH,DISTRICT 2,NH-02,0,Democratic,0,0
NH,DISTRICT 2,NH-02,0,Republican,0,0
NJ,DISTRICT 1,NJ-01,267062,Democratic,112802,42.23813196935543
NJ,DISTRICT 1,NJ-01,267062,Republican,153817,57.59598894638698
NJ,DISTRICT 1,NJ-01,267062,Other,443,0.16587908425758813
NJ,DISTRICT 2,NJ-02,137752,Democratic,59520,43.20808409315291
NJ,DISTRICT 2,NJ-02,137752,Republican,77894,56.546547418549274
NJ,DISTRICT 2,NJ-02,137752,Other,338,0.24536848829781055
NJ,DISTRICT 3,NJ-03,455100,Democratic,239041,52.52493957372006
NJ,DISTRICT 3,NJ-03,455100,Republican,215657,47.386728191606245
NJ,DISTRICT 3,NJ-03,455100,Other,402,0.08833223467369809
NJ,DISTRICT 4,NJ-04,291606,Democratic,120302,41.2549810360555
NJ,DISTRICT 4,NJ-04,291606,Republican,170859,58.59241579391371
NJ,DISTRICT 4,NJ-04,291606,Other,445,0.152603170030795
NJ,DISTRICT 5,NJ-05,236824,Democratic,98043,41.39909806438536
NJ,DISTRICT 5,NJ-05,236824,Republican,136723,57.731902172077156
NJ,DISTRICT 5,NJ-05,236824,Other,2058,0.8689997635374792
NJ,DISTRICT 6,NJ-06,246137,Democratic,88649,36.01612110328801
NJ,DISTRICT 6,NJ-06,246137,Republican,156758,63.687296099326794
NJ,DISTRICT 6,NJ-06,246137,Other,730,0.29658279738519605
NJ,DISTRICT 7,NJ-07,169311,Democratic,88100,52.034421862725985
NJ,DISTRICT 7,NJ-07,169311,Republican,74165,43.804005646414
NJ,DISTRICT 7,NJ-07,169311,Other,7046,4.161572490860015
NJ,DISTRICT 8,NJ-08,218894,Democratic,91065,41.602328067466445
NJ,DISTRICT 8,NJ-08,218894,Republican,127088,58.05915191828008
NJ,DISTRICT 8,NJ-08,218894,Other,741,0.3385200142534743
NJ,DISTRICT 9,NJ-09,130032,Democratic,84859,65.2600898240433
NJ,DISTRICT 9,NJ-09,130032,Republican,43238,33.251814937861454
NJ,DISTRICT 9,NJ-09,130032,Other,1935,1.488095238095238
NJ,DISTRICT 10,NJ-10,123046,Democratic,75533,61.38598572891439
NJ,DISTRICT 10,NJ-10,123046,Republican,44580,36.23035287616014
NJ,DISTRICT 10,NJ-10,123046,Other,2933,2.383661394925475
NJ,DISTRICT 11,NJ-11,153191,Democratic,73119,47.73061080611785
NJ,DISTRICT 11,NJ-11,153191,Republican,76945,50.22814656213485
NJ,DISTRICT 11,NJ-11,153191,Other,3127,2.041242631747296
NJ,DISTRICT 12,NJ-12,117840,Democratic,80490,68.30448065173115
NJ,DISTRICT 12,NJ-12,117840,Republican,37350,31.695519348268842
NJ,DISTRICT 13,NJ-13,112230,Democratic,64359,57.34562951082598
NJ,DISTRICT 13,NJ-13,112230,Republican,46770,41.673349371825715
NJ,DISTRICT 13,NJ-13,112230,Other,1101,0.9810211173483026
NJ,DISTRICT 14,NJ-14,0,Democratic,0,0
NJ,DISTRICT 14,NJ-14,0,Republican,0,0
NM,DISTRICT 1,NM-01,300197,Democratic,176514,58.79938840161627
NM,DISTRICT 1,NM-01,300197,Republican,123683,41.20061159838373
NM,DISTRICT 2,NM-02,297529,Democratic,172577,58.00342151521364
NM,DISTRICT 2,NM-02,297529,Republican,124101,41.710555945806966
NM,DISTRICT 2,NM-02,297529,Other,851,0.2860225389793936
NY,DISTRICT 1,NY-01,371835,Democratic,176905,47.576209878037304
NY,DISTRICT 1,NY-01,371835,Republican,184549,49.63196041254857
NY,DISTRICT 1,NY-01,371835,Other,10381,2.7918297094141216
NY,DISTRICT 2,NY-02,228599,Democratic,82227,35.96997362193186
NY,DISTRICT 2,NY-02,228599,Republican,139423,60.990205556454754
NY,DISTRICT 2,NY-02,228599,Other,6949,3.039820821613393
NY,DISTRICT 3,NY-03,246559,Democratic,104318,42.30954862730624
NY,DISTRICT 3,NY-03,246559,Republican,133416,54.11118636918547
NY,DISTRICT 3,NY-03,246559,Other,8825,3.5792650035082882
NY,DISTRICT 4,NY-04,210126,Democratic,82138,39.08987940568992
NY,DISTRICT 4,NY-04,210126,Republican,115736,55.07933335236953
NY,DISTRICT 4,NY-04,210126,Other,12252,5.83078724194055
NY,DISTRICT 5,NY-05,111582,Democratic,53985,48.38145937516804
NY,DISTRICT 5,NY-05,111582,Republican,51129,45.8219067591547
NY,DISTRICT 5,NY-05,111582,Other,6468,5.7966338656772605
NY,DISTRICT 6,NY-06,237598,Democratic,131963,55.54045067719425
NY,DISTRICT 6,NY-06,237598,Republican,81694,34.38328605459642
NY,DISTRICT 6,NY-06,237598,Other,23941,10.07626326820933
NY,DISTRICT 7,NY-07,152306,Democratic,84529,55.49945504444999
NY,DISTRICT 7,NY-07,152306,Republican,59882,39.316901500925766
NY,DISTRICT 7,NY-07,152306,Other,7895,5.183643454624243
NY,DISTRICT 8,NY-08,82348,Democratic,54045,65.63000922912518
NY,DISTRICT 8,NY-08,82348,Republican,22318,27.102054694710255
NY,DISTRICT 8,NY-08,82348,Other,5985,7.26793607616457
NY,DISTRICT 9,NY-09,117479,Democratic,73841,62.85463785016897
NY,DISTRICT 9,NY-09,117479,Republican,32538,27.696864971611944
NY,DISTRICT 9,NY-09,117479,Other,11100,9.448497178219085
NY,DISTRICT 10,NY-10,129181,Democratic,82534,63.890200571291444
NY,DISTRICT 10,NY-10,129181,Republican,30243,23.41133758060396
NY,DISTRICT 10,NY-10,129181,Other,16404,12.698461848104598
NY,DISTRICT 11,NY-11,170775,Democratic,113679,66.566534914361
NY,DISTRICT 11,NY-11,170775,Republican,31378,18.37388376518811
NY,DISTRICT 11,NY-11,170775,Other,25718,15.059581320450885
NY,DISTRICT 12,NY-12,130895,Democratic,57285,43.76408571755987
NY,DISTRICT 12,NY-12,130895,Republican,64899,49.58096183964246
NY,DISTRICT 12,NY-12,130895,Other,8711,6.654952442797662
NY,DISTRICT 13,NY-13,155276,Democratic,96329,62.037275560936656
NY,DISTRICT 13,NY-13,155276,Republican,38189,24.5942708467503
NY,DISTRICT 13,NY-13,155276,Other,20758,13.368453592313042
NY,DISTRICT 14,NY-14,114741,Democratic,69956,60.96861627491481
NY,DISTRICT 14,NY-14,114741,Republican,33769,29.430630724849877
NY,DISTRICT 14,NY-14,114741,Other,11016,9.600753000235313
NY,DISTRICT 15,NY-15,164856,Democratic,77812,47.1999805891202
NY,DISTRICT 15,NY-15,164856,Republican,80218,48.659436113941865
NY,DISTRICT 15,NY-15,164856,Other,6826,4.140583296937934
NY,DISTRICT 16,NY-16,83756,Democratic,59957,71.58531926070968
NY,DISTRICT 16,NY-16,83756,Republican,14706,17.55814508811309
NY,DISTRICT 16,NY-16,83756,Other,9093,10.856535651177229
NY,DISTRICT 17,NY-17,134580,Democratic,43905,32.62371823450735
NY,DISTRICT 17,NY-17,134580,Republican,81006,60.19170753455194
NY,DISTRICT 17,NY-17,134580,Other,9669,7.184574230940704
NY,DISTRICT 18,NY-18,81848,Democratic,47749,58.33862770012706
NY,DISTRICT 18,NY-18,81848,Republican,27419,33.49990225784381
NY,DISTRICT 18,NY-18,81848,Other,6680,8.161470042029126
NY,DISTRICT 19,NY-19,94499,Democratic,56471,59.758304320680644
NY,DISTRICT 19,NY-19,94499,Republican,26054,27.570662123408713
NY,DISTRICT 19,NY-19,94499,Other,11974,12.671033555910643
NY,DISTRICT 20,NY-20,99202,Democratic,55272,55.716618616560154
NY,DISTRICT 20,NY-20,99202,Republican,30046,30.287695812584424
NY,DISTRICT 20,NY-20,99202,Other,13884,13.995685570855427
NY,DISTRICT 21,NY-21,117610,Democratic,71525,60.81540685315875
NY,DISTRICT 21,NY-21,117610,Republican,29835,25.367740838364085
NY,DISTRICT 21,NY-21,117610,Other,16250,13.81685230847717
NY,DISTRICT 22,NY-22,121113,Democratic,78717,64.99467439498649
NY,DISTRICT 22,NY-22,121113,Republican,24958,20.607201539058565
NY,DISTRICT 22,NY-22,121113,Other,17438,14.398124065954935
NY,DISTRICT 23,NY-23,87102,Democratic,61474,70.577024637781
NY,DISTRICT 23,NY-23,87102,Republican,15208,17.459989437670778
NY,DISTRICT 23,NY-23,87102,Other,10420,11.962985924548232
NY,DISTRICT 24,NY-24,157533,Democratic,89140,56.5849694984543
NY,DISTRICT 24,NY-24,157533,Republican,43110,27.36569480680238
NY,DISTRICT 24,NY-24,157533,Other,25283,16.049335694743323
NY,DISTRICT 25,NY-25,187630,Democratic,66539,35.46287907051111
NY,DISTRICT 25,NY-25,187630,Republican,112187,59.79161114960294
NY,DISTRICT 25,NY-25,187630,Other,8904,4.745509779885946
NY,DISTRICT 26,NY-26,187385,Democratic,80201,42.80011740534194
NY,DISTRICT 26,NY-26,187385,Republican,98506,52.568775515649605
NY,DISTRICT 26,NY-26,187385,Other,8678,4.6311070790084585
NY,DISTRICT 27,NY-27,215703,Democratic,86997,40.3318451760059
NY,DISTRICT 27,NY-27,215703,Republican,121533,56.342749057732156
NY,DISTRICT 27,NY-27,215703,Other,7173,3.3254057662619436
NY,DISTRICT 28,NY-28,182627,Democratic,70622,38.67007616617477
NY,DISTRICT 28,NY-28,182627,Republican,107179,58.687379193657016
NY,DISTRICT 28,NY-28,182627,Other,4826,2.642544640168212
NY,DISTRICT 29,NY-29,183218,Democratic,73976,40.37594559486513
NY,DISTRICT 29,NY-29,183218,Republican,103966,56.74442467443155
NY,DISTRICT 29,NY-29,183218,Other,5276,2.879629730703315
NY,DISTRICT 30,NY-30,187241,Democratic,112604,60.138538033870795
NY,DISTRICT 30,NY-30,187241,Republican,69549,37.14410839506305
NY,DISTRICT 30,NY-30,187241,Other,5088,2.717353571066166
NY,DISTRICT 31,NY-31,164909,Democratic,60795,36.86578658532888
NY,DISTRICT 31,NY-31,164909,Republican,99604,60.399371774736366
NY,DISTRICT 31,NY-31,164909,Other,4510,2.7348416399347517
NY,DISTRICT 32,NY-32,158880,Democratic,94132,59.24723061430011
NY,DISTRICT 32,NY-32,158880,Republican,59890,37.69511581067472
NY,DISTRICT 32,NY-32,158880,Other,4858,3.057653575025176
NY,DISTRICT 33,NY-33,148174,Democratic,53130,35.85649304196418
NY,DISTRICT 33,NY-33,148174,Republican,91710,61.893449593046014
NY,DISTRICT 33,NY-33,148174,Other,3334,2.2500573649898095
NY,DISTRICT 34,NY-34,177216,Democratic,74871,42.248442578548214
NY,DISTRICT 34,NY-34,177216,Republican,98063,55.3352970386421
NY,DISTRICT 34,NY-34,177216,Other,4282,2.4162603828096785
NY,DISTRICT 35,NY-35,195732,Democratic,87347,44.625814889747204
NY,DISTRICT 35,NY-35,195732,Republican,105241,53.767907138332006
NY,DISTRICT 35,NY-35,195732,Other,3144,1.6062779719207898
NY,DISTRICT 36,NY-36,160561,Democratic,71959,44.81723457128444
NY,DISTRICT 36,NY-36,160561,Republican,84441,52.59122701029515
NY,DISTRICT 36,NY-36,160561,Other,4161,2.5915384184204133
NY,DISTRICT 37,NY-37,195136,Democratic,68839,35.277447523778285
NY,DISTRICT 37,NY-37,195136,Republican,123782,63.43370777304034
NY,DISTRICT 37,NY-37,195136,Other,2515,1.2888447031813708
NY,DISTRICT 38,NY-38,199587,Democratic,81683,40.92601221522444
NY,DISTRICT 38,NY-38,199587,Republican,114871,57.55434973219698
NY,DISTRICT 38,NY-38,199587,Other,3033,1.5196380525785746
NY,DISTRICT 39,NY-39,172866,Democratic,67526,39.06262654310275
NY,DISTRICT 39,NY-39,172866,Republican,103162,59.67743801557276
NY,DISTRICT 39,NY-39,172866,Other,2178,1.259935441324494
NY,DISTRICT 40,NY-40,195378,Democratic,85005,43.507969167460004
NY,DISTRICT 40,NY-40,195378,Republican,104752,53.61504365895853
NY,DISTRICT 40,NY-40,195378,Other,5621,2.8769871735814676
NY,DISTRICT 41,NY-41,146003,Democratic,77821,53.300959569323915
NY,DISTRICT 41,NY-41,146003,Republican,63889,43.75868988993376
NY,DISTRICT 41,NY-41,146003,Other,4293,2.9403505407423136
NY,DISTRICT 42,NY-42,220544,Democratic,93492,42.39154091700522
NY,DISTRICT 42,NY-42,220544,Republican,122073,55.35085969239698
NY,DISTRICT 42,NY-42,220544,Other,4979,2.2575993905977945
NY,DISTRICT 43,NY-43,139561,Democratic,48423,34.69665594256275
NY,DISTRICT 43,NY-43,139561,Republican,87585,62.75750388718912
NY,DISTRICT 43,NY-43,139561,Other,3553,2.5458401702481352
NC,DISTRICT 1,NC-01,56396,Democratic,48809,86.54691822115043
NC,DISTRICT 1,NC-01,56396,Republican,7587,13.453081778849562
NC,DISTRICT 2,NC-02,58291,Democratic,51156,87.75968845962498
NC,DISTRICT 2,NC-02,58291,Republican,7135,12.240311540375014
NC,DISTRICT 3,NC-03,71867,Democratic,51193,71.23297201775503
NC,DISTRICT 3,NC-03,71867,Republican,20674,28.76702798224498
NC,DISTRICT 4,NC-04,113285,Democratic,75464,66.6142913889747
NC,DISTRICT 4,NC-04,113285,Republican,37821,33.38570861102529
NC,DISTRICT 5,NC-05,114651,Democratic,66079,57.63490942076388
NC,DISTRICT 5,NC-05,114651,Republican,48572,42.36509057923612
NC,DISTRICT 6,NC-06,133837,Democratic,79809,59.63149203882334
NC,DISTRICT 6,NC-06,133837,Republican,54028,40.368507961176654
NC,DISTRICT 7,NC-07,93723,Democratic,71726,76.5297739082189
NC,DISTRICT 7,NC-07,93723,Republican,21997,23.4702260917811
NC,DISTRICT 8,NC-08,126801,Democratic,71429,56.33157467212404
NC,DISTRICT 8,NC-08,126801,Republican,55372,43.668425327875966
NC,DISTRICT 9,NC-09,142942,Democratic,75909,53.10475577506961
NC,DISTRICT 9,NC-09,142942,Republican,67033,46.895244224930394
NC,DISTRICT 10,NC-10,165899,Democratic,68761,41.447507218247246
NC,DISTRICT 10,NC-10,165899,Republican,97138,58.552492781752754
NC,DISTRICT 11,NC-11,107241,Democratic,65478,61.05687190533471
NC,DISTRICT 11,NC-11,107241,Republican,41763,38.94312809466528
NC,DISTRICT 12,NC-12,117538,Democratic,61170,52.042743623338836
NC,DISTRICT 12,NC-12,117538,Republican,56368,47.957256376661164
ND,DISTRICT 1,ND-01,0,Democratic,0,0
ND,DISTRICT 1,ND-01,0,Republican,0,0
ND,DISTRICT 2,ND-02,365559,Democratic,229980,62.91186921946937
ND,DISTRICT 2,ND-02,365559,Republican,135579,37.08813078053063
OH,DISTRICT 1,OH-01,150942,Democratic,62043,41.10386771077633
OH,DISTRICT 1,OH-01,150942,Republican,88899,58.89613228922368
OH,DISTRICT 2,OH-02,205571,Democratic,87531,42.579449435961294
OH,DISTRICT 2,OH-02,205571,Republican,118040,57.4205505640387
OH,DISTRICT 3,OH-03,269354,Democratic,102237,37.9563696845044
OH,DISTRICT 3,OH-03,269354,Republican,167117,62.04363031549559
OH,DISTRICT 4,OH-04,152480,Democratic,52797,34.62552465897167
OH,DISTRICT 4,OH-04,152480,Republican,99683,65.37447534102833
OH,DISTRICT 5,OH-05,126550,Democratic,41375,32.69458711971553
OH,DISTRICT 5,OH-05,126550,Republican,85175,67.30541288028448
OH,DISTRICT 6,OH-06,145169,Democratic,65045,44.80639806019192
OH,DISTRICT 6,OH-06,145169,Republican,80124,55.19360193980809
OH,DISTRICT 7,OH-07,138233,Democratic,61713,44.64418771205139
OH,DISTRICT 7,OH-07,138233,Republican,76520,55.355812287948616
OH,DISTRICT 8,OH-08,160477,Democratic,55451,34.5538613009964
OH,DISTRICT 8,OH-08,160477,Republican,105026,65.4461386990036
OH,DISTRICT 9,OH-09,120244,Democratic,38871,32.326768903230096
OH,DISTRICT 9,OH-09,120244,Republican,81373,67.67323109676991
OH,DISTRICT 10,OH-10,191121,Democratic,108688,56.86868528314524
OH,DISTRICT 10,OH-10,191121,Republican,82433,43.13131471685477
OH,DISTRICT 11,OH-11,110564,Democratic,58085,52.53518324228501
OH,DISTRICT 11,OH-11,110564,Republican,52479,47.46481675771499
OH,DISTRICT 12,OH-12,104183,Democratic,104183,100.0
OH,DISTRICT 12,OH-12,104183,Republican,0,0.0
OH,DISTRICT 13,OH-13,190885,Democratic,90894,47.617151688189225
OH,DISTRICT 13,OH-13,190885,Republican,99991,52.38284831181078
OH,DISTRICT 14,OH-14,209269,Democratic,69033,32.987685705957404
OH,DISTRICT 14,OH-14,209269,Republican,140236,67.0123142940426
OH,DISTRICT 15,OH-15,164203,Democratic,91103,55.481933947613626
OH,DISTRICT 15,OH-15,164203,Republican,73100,44.518066052386374
OH,DISTRICT 16,OH-16,192892,Democratic,47366,24.555709930945817
OH,DISTRICT 16,OH-16,192892,Republican,145526,75.44429006905419
OH,DISTRICT 17,OH-17,127999,Democratic,78257,61.13875889655388
OH,DISTRICT 17,OH-17,127999,Republican,49742,38.86124110344612
OH,DISTRICT 18,OH-18,201012,Democratic,70470,35.05760850098502
OH,DISTRICT 18,OH-18,201012,Republican,130542,64.94239149901499
OH,DISTRICT 19,OH-19,176083,Democratic,96474,54.788934763719375
OH,DISTRICT 19,OH-19,176083,Republican,79609,45.21106523628062
OH,DISTRICT 20,OH-20,153572,Democratic,102874,66.987471674524
OH,DISTRICT 20,OH-20,153572,Republican,50698,33.012528325476
OH,DISTRICT 21,OH-21,159839,Democratic,113302,70.88507810984804
OH,DISTRICT 21,OH-21,159839,Republican,46537,29.11492189015197
OH,DISTRICT 22,OH-22,157305,Democratic,103460,65.77031880741235
OH,DISTRICT 22,OH-22,157305,Republican,53845,34.22968119258765
OH,DISTRICT 23,OH-23,105256,Democratic,66930,63.5878239720301
OH,DISTRICT 23,OH-23,105256,Republican,38326,36.4121760279699
OK,DISTRICT 1,OK-01,209898,Democratic,75934,36.17661911976293
OK,DISTRICT 1,OK-01,209898,Republican,133964,63.82338088023707
OK,DISTRICT 2,OK-02,139985,Democratic,79732,56.957531164053286
OK,DISTRICT 2,OK-02,139985,Republican,60253,43.04246883594671
OK,DISTRICT 3,OK-03,74937,Democratic,56138,74.91359408569865
OK,DISTRICT 3,OK-03,74937,Republican,18799,25.086405914301345
OK,DISTRICT 4,OK-04,89209,Democratic,54181,60.73490342902622
OK,DISTRICT 4,OK-04,89209,Republican,35028,39.26509657097378
OK,DISTRICT 5,OK-05,188257,Democratic,125286,66.55051339392426
OK,DISTRICT 5,OK-05,188257,Republican,62971,33.44948660607574
OK,DISTRICT 6,OK-06,136308,Democratic,68192,50.02787804090736
OK,DISTRICT 6,OK-06,136308,Republican,68116,49.97212195909264
OR,DISTRICT 1,OR-01,222432,Democratic,77689,34.92707883757733
OR,DISTRICT 1,OR-01,222432,Republican,144743,65.07292116242267
OR,DISTRICT 2,OR-02,105206,Democratic,62690,59.587856205919806
OR,DISTRICT 2,OR-02,105206,Republican,42516,40.41214379408019
OR,DISTRICT 3,OR-03,246149,Democratic,157243,63.881226411644974
OR,DISTRICT 3,OR-03,246149,Republican,88906,36.11877358835502
OR,DISTRICT 4,OR-04,187969,Democratic,91947,48.91604466693976
OR,DISTRICT 4,OR-04,187969,Republican,96022,51.08395533306024
PA,DISTRICT 1,PA-01,115406,Democratic,88805,76.95007192000416
PA,DISTRICT 1,PA-01,115406,Republican,26601,23.04992807999584
PA,DISTRICT 2,PA-02,151471,Democratic,109452,72.2593763822778
PA,DISTRICT 2,PA-02,151471,Republican,42019,27.740623617722203
PA,DISTRICT 3,PA-03,115214,Democratic,80258,69.65993716041453
PA,DISTRICT 3,PA-03,115214,Republican,34956,30.340062839585467
PA,DISTRICT 4,PA-04,107199,Democratic,84053,78.40838067519287
PA,DISTRICT 4,PA-04,107199,Republican,23146,21.591619324807134
PA,DISTRICT 5,PA-05,230745,Democratic,140658,60.958200611064164
PA,DISTRICT 5,PA-05,230745,Republican,90087,39.041799388935836
PA,DISTRICT 6,PA-06,183407,Democratic,109275,59.58060488421925
PA,DISTRICT 6,PA-06,183407,Republican,74132,40.41939511578075
PA,DISTRICT 7,PA-07,256860,Democratic,120839,47.0446936074126
PA,DISTRICT 7,PA-07,256860,Republican,136021,52.955306392587396
PA,DISTRICT 8,PA-08,216704,Democratic,95140,43.903204370939164
PA,DISTRICT 8,PA-08,216704,Republican,121564,56.096795629060836
PA,DISTRICT 9,PA-09,193576,Democratic,64659,33.40238459313138
PA,DISTRICT 9,PA-09,193576,Republican,128917,66.59761540686861
PA,DISTRICT 10,PA-10,177109,Democratic,80097,45.22469213873942
PA,DISTRICT 10,PA-10,177109,Republican,97012,54.77530786126058
PA,DISTRICT 11,PA-11,171470,Democratic,115042,67.09161952528139
PA,DISTRICT 11,PA-11,171470,Republican,56428,32.908380474718605
PA,DISTRICT 12,PA-12,137646,Democratic,65585,47.647588742135625
PA,DISTRICT 12,PA-12,137646,Republican,72061,52.352411257864375
PA,DISTRICT 13,PA-13,231452,Democratic,88486,38.23082107737241
PA,DISTRICT 13,PA-13,231452,Republican,142966,61.76917892262759
PA,DISTRICT 14,PA-14,111957,Democratic,60211,53.78046928731567
PA,DISTRICT 14,PA-14,111957,Republican,51746,46.21953071268434
PA,DISTRICT 15,PA-15,122955,Democratic,67830,55.16652433817251
PA,DISTRICT 15,PA-15,122955,Republican,55125,44.8334756618275
PA,DISTRICT 16,PA-16,150098,Democratic,56267,37.48684192993911
PA,DISTRICT 16,PA-16,150098,Republican,93831,62.51315807006089
PA,DISTRICT 17,PA-17,144735,Democratic,62695,43.31709676304971
PA,DISTRICT 17,PA-17,144735,Republican,82040,56.68290323695029
PA,DISTRICT 18,PA-18,141850,Democratic,53453,37.68276348255199
PA,DISTRICT 18,PA-18,141850,Republican,88397,62.317236517448
PA,DISTRICT 19,PA-19,166819,Democratic,78043,46.78304030116473
PA,DISTRICT 19,PA-19,166819,Republican,88776,53.21695969883527
PA,DISTRICT 20,PA-20,114773,Democratic,36997,32.234933303128784
PA,DISTRICT 20,PA-20,114773,Republican,77776,67.76506669687122
PA,DISTRICT 21,PA-21,153255,Democratic,85853,56.01970571922613
PA,DISTRICT 21,PA-21,153255,Republican,65551,42.772503344099704
PA,DISTRICT 21,PA-21,153255,Other,1851,1.2077909366741704
PA,DISTRICT 22,PA-22,155644,Democratic,66383,42.650535838194855
PA,DISTRICT 22,PA-22,155644,Republican,89261,57.349464161805145
PA,DISTRICT 23,PA-23,119506,Democratic,43927,36.75715026860576
PA,DISTRICT 23,PA-23,119506,Republican,74542,62.37511087309424
PA,DISTRICT 23,PA-23,119506,Other,1037,0.8677388583000017
PA,DISTRICT 24,PA-24,186647,Democratic,91498,49.02195052693051
PA,DISTRICT 24,PA-24,186647,Republican,95149,50.97804947306949
PA,DISTRICT 25,PA-25,176967,Democratic,102750,58.0616725152147
PA,DISTRICT 25,PA-25,176967,Republican,74217,41.9383274847853
PA,DISTRICT 26,PA-26,175064,Democratic,111362,63.61216469405474
PA,DISTRICT 26,PA-26,175064,Republican,63702,36.38783530594525
PA,DISTRICT 27,PA-27,216655,Democratic,88660,40.92220350326556
PA,DISTRICT 27,PA-27,216655,Republican,127995,59.077796496734436
PA,DISTRICT 28,PA-28,146723,Democratic,99491,67.80872801128658
PA,DISTRICT 28,PA-28,146723,Republican,47232,32.191271988713424
PA,DISTRICT 29,PA-29,197506,Democratic,80497,40.75673650420747
PA,DISTRICT 29,PA-29,197506,Republican,117009,59.24326349579253
PA,DISTRICT 30,PA-30,184682,Democratic,126619,68.56055273388853
PA,DISTRICT 30,PA-30,184682,Republican,58063,31.439447266111475
RI,DISTRICT 1,RI-01,0,Democratic,0,0
RI,DISTRICT 1,RI-01,0,Republican,0,0
RI,DISTRICT 2,RI-02,0,Democratic,0,0
RI,DISTRICT 2,RI-02,0,Republican,0,0
SC,DISTRICT 1,SC-01,47164,Democratic,47153,99.97667712662201
SC,DISTRICT 1,SC-01,47164,Republican,0,0.0
SC,DISTRICT 1,SC-01,47164,Other,11,0.02332287337800017
SC,DISTRICT 2,SC-02,63207,Democratic,63207,100.0
SC,DISTRICT 2,SC-02,63207,Republican,0,0.0
SC,DISTRICT 3,SC-03,52409,Democratic,52398,99.97901123852773
SC,DISTRICT 3,SC-03,52409,Republican,0,0.0
SC,DISTRICT 3,SC-03,52409,Other,11,0.020988761472266214
SC,DISTRICT 4,SC-04,68973,Democratic,68973,100.0
SC,DISTRICT 4,SC-04,68973,Republican,0,0.0
SC,DISTRICT 5,SC-05,46895,Democratic,46815,99.82940612005544
SC,DISTRICT 5,SC-05,46895,Republican,0,0.0
SC,DISTRICT 5,SC-05,46895,Other,80,0.170593879944557
SC,DISTRICT 6,SC-06,49780,Democratic,49780,100.0
SC,DISTRICT 6,SC-06,49780,Republican,0,0.0
SD,DISTRICT 1,SD-01,229788,Democratic,103755,45.152488380594285
SD,DISTRICT 1,SD-01,229788,Republican,126033,54.84751161940571
SD,DISTRICT 2,SD-02,71216,Democratic,28666,40.2521905189845
SD,DISTRICT 2,SD-02,71216,Republican,42550,59.7478094810155
TN,DISTRICT 1,TN-01,137745,Democratic,33873,24.591092235652837
TN,DISTRICT 1,TN-01,137745,Republican,103872,75.40890776434716
TN,DISTRICT 2,TN-02,98839,Democratic,0,0.0
TN,DISTRICT 2,TN-02,98839,Republican,98839,100.0
TN,DISTRICT 3,TN-03,62827,Democratic,62827,100.0
TN,DISTRICT 3,TN-03,62827,Republican,0,0.0
TN,DISTRICT 4,TN-04,60738,Democratic,60738,100.0
TN,DISTRICT 4,TN-04,60738,Republican,0,0.0
TN,DISTRICT 5,TN-05,42524,Democratic,42524,100.0
TN,DISTRICT 5,TN-05,42524,Republican,0,0.0
TN,DISTRICT 6,TN-06,55736,Democratic,55736,100.0
TN,DISTRICT 6,TN-06,55736,Republican,0,0.0
TN,DISTRICT 7,TN-07,34130,Democratic,34130,100.0
TN,DISTRICT 7,TN-07,34130,Republican,0,0.0
TN,DISTRICT 8,TN-08,30124,Democratic,30124,100.0
TN,DISTRICT 8,TN-08,30124,Republican,0,0.0
TN,DISTRICT 9,TN-09,120159,Democratic,120159,100.0
TN,DISTRICT 9,TN-09,120159,Republican,0,0.0
TX,DISTRICT 1,TX-01,58674,Democratic,58674,100.0
TX,DISTRICT 1,TX-01,58674,Republican,0,0.0
TX,DISTRICT 2,TX-02,108523,Democratic,75657,69.71517558489906
TX,DISTRICT 2,TX-02,108523,Republican,32473,29.922689199524527
TX,DISTRICT 2,TX-02,108523,Other,393,0.3621352155764216
TX,DISTRICT 3,TX-03,59386,Democratic,59386,100.0
TX,DISTRICT 3,TX-03,59386,Republican,0,0.0
TX,DISTRICT 4,TX-04,44902,Democratic,44902,100.0
TX,DISTRICT 4,TX-04,44902,Republican,0,0.0
TX,DISTRICT 5,TX-05,226595,Democratic,96709,42.679229462256444
TX,DISTRICT 5,TX-05,226595,Republican,129886,57.32077053774355
TX,DISTRICT 6,TX-06,56603,Democratic,56603,100.0
TX,DISTRICT 6,TX-06,56603,Republican,0,0.0
TX,DISTRICT 7,TX-07,61586,Democratic,61586,100.0
TX,DISTRICT 7,TX-07,61586,Republican,0,0.0
TX,DISTRICT 8,TX-08,111937,Democratic,76767,68.58054083993676
TX,DISTRICT 8,TX-08,111937,Republican,24486,21.874804577574885
TX,DISTRICT 8,TX-08,111937,Other,10684,9.544654582488365
TX,DISTRICT 9,TX-09,104849,Democratic,98586,94.02664784594988
TX,DISTRICT 9,TX-09,104849,Republican,0,0.0
TX,DISTRICT 9,TX-09,104849,Other,6263,5.97335215405011
TX,DISTRICT 10,TX-10,76633,Democratic,75165,98.08437618258453
TX,DISTRICT 10,TX-10,76633,Republican,0,0.0
TX,DISTRICT 10,TX-10,76633,Other,1468,1.9156238174154738
TX,DISTRICT 11,TX-11,64351,Democratic,64351,100.0
TX,DISTRICT 11,TX-11,64351,Republican,0,0.0
TX,DISTRICT 12,TX-12,115797,Democratic,115797,100.0
TX,DISTRICT 12,TX-12,115797,Republican,0,0.0
TX,DISTRICT 13,TX-13,75972,Democratic,75972,100.0
TX,DISTRICT 13,TX-13,75972,Republican,0,0.0
TX,DISTRICT 14,TX-14,105792,Democratic,105792,100.0
TX,DISTRICT 14,TX-14,105792,Republican,0,0.0
TX,DISTRICT 15,TX-15,76421,Democratic,76421,100.0
TX,DISTRICT 15,TX-15,76421,Republican,0,0.0
TX,DISTRICT 16,TX-16,108112,Democratic,63634,58.85933106408169
TX,DISTRICT 16,TX-16,108112,Republican,19482,18.02020127275418
TX,DISTRICT 16,TX-16,108112,Other,24996,23.120467663164128
TX,DISTRICT 17,TX-17,78431,Democratic,61031,77.81489462074946
TX,DISTRICT 17,TX-17,78431,Republican,17400,22.18510537925055
TX,DISTRICT 18,TX-18,79675,Democratic,79675,100.0
TX,DISTRICT 18,TX-18,79675,Republican,0,0.0
TX,DISTRICT 19,TX-19,90368,Democratic,77415,85.66638633144476
TX,DISTRICT 19,TX-19,90368,Republican,0,0.0
TX,DISTRICT 19,TX-19,90368,Other,12953,14.33361366855524
TX,DISTRICT 20,TX-20,84487,Democratic,84487,100.0
TX,DISTRICT 20,TX-20,84487,Republican,0,0.0
TX,DISTRICT 21,TX-21,63277,Democratic,63277,100.0
TX,DISTRICT 21,TX-21,63277,Republican,0,0.0
TX,DISTRICT 22,TX-22,187670,Democratic,109418,58.30340491287899
TX,DISTRICT 22,TX-22,187670,Republican,73503,39.16608941226622
TX,DISTRICT 22,TX-22,187670,Other,4749,2.5305056748547985
UT,DISTRICT 1,UT-01,0,Democratic,0,0
UT,DISTRICT 1,UT-01,0,Republican,0,0
UT,DISTRICT 2,UT-02,0,Democratic,0,0
UT,DISTRICT 2,UT-02,0,Republican,0,0
VT,DISTRICT 1,VT-01,166016,Democratic,71111,42.833823245952196
VT,DISTRICT 1,VT-01,166016,Republican,94905,57.166176754047804
VA,DISTRICT 1,VA-01,65219,Democratic,53768,82.44223309158374
VA,DISTRICT 1,VA-01,65219,Republican,11429,17.52403440715129
VA,DISTRICT 1,VA-01,65219,Other,22,0.033732501264968795
VA,DISTRICT 2,VA-02,65675,Democratic,49750,75.75180814617435
VA,DISTRICT 2,VA-02,65675,Republican,15758,23.993909402360106
VA,DISTRICT 2,VA-02,65675,Other,167,0.25428245146555006
VA,DISTRICT 3,VA-03,68034,Democratic,52908,77.76699885351442
VA,DISTRICT 3,VA-03,68034,Republican,0,0.0
VA,DISTRICT 3,VA-03,68034,Other,15126,22.23300114648558
VA,DISTRICT 4,VA-04,39593,Democratic,39408,99.53274568736899
VA,DISTRICT 4,VA-04,39593,Republican,0,0.0
VA,DISTRICT 4,VA-04,39593,Other,185,0.4672543126310207
VA,DISTRICT 5,VA-05,30482,Democratic,30154,98.92395512105506
VA,DISTRICT 5,VA-05,30482,Republican,0,0.0
VA,DISTRICT 5,VA-05,30482,Other,328,1.076044878944951
VA,DISTRICT 6,VA-06,73259,Democratic,0,0.0
VA,DISTRICT 6,VA-06,73259,Republican,60371,82.40762227166628
VA,DISTRICT 6,VA-06,73259,Other,12888,17.59237772833372
VA,DISTRICT 7,VA-07,42372,Democratic,42199,99.59171150759936
VA,DISTRICT 7,VA-07,42372,Republican,0,0.0
VA,DISTRICT 7,VA-07,42372,Other,173,0.4082884924006419
VA,DISTRICT 8,VA-08,56583,Democratic,42809,75.65699945213227
VA,DISTRICT 8,VA-08,56583,Republican,13410,23.699697789088596
VA,DISTRICT 8,VA-08,56583,Other,364,0.6433027587791386
VA,DISTRICT 9,VA-09,81671,Democratic,47372,58.003452878010556
VA,DISTRICT 9,VA-09,81671,Republican,34280,41.97328305028713
VA,DISTRICT 9,VA-09,81671,Other,19,0.023264071702317833
VA,DISTRICT 10,VA-10,117055,Democratic,52647,44.976293195506386
VA,DISTRICT 10,VA-10,117055,Republican,64408,55.023706804493614
WA,DISTRICT 1,WA-01,177730,Democratic,53009,29.825578124120856
WA,DISTRICT 1,WA-01,177730,Republican,124721,70.17442187587915
WA,DISTRICT 2,WA-02,145956,Democratic,58154,39.84351448381704
WA,DISTRICT 2,WA-02,145956,Republican,87802,60.156485516182954
WA,DISTRICT 3,WA-03,143990,Democratic,76930,53.42732134175985
WA,DISTRICT 3,WA-03,143990,Republican,67060,46.57267865824016
WA,DISTRICT 4,WA-04,160174,Democratic,65964,41.18271379874386
WA,DISTRICT 4,WA-04,160174,Republican,94210,58.81728620125614
WA,DISTRICT 5,WA-05,158363,Democratic,64321,40.616179284302525
WA,DISTRICT 5,WA-05,158363,Republican,94042,59.383820715697475
WA,DISTRICT 6,WA-06,147325,Democratic,64167,43.55472594603767
WA,DISTRICT 6,WA-06,147325,Republican,83158,56.44527405396232
WA,DISTRICT 7,WA-07,191187,Democratic,95663,50.036351844006134
WA,DISTRICT 7,WA-07,191187,Republican,95524,49.963648155993866
WV,DISTRICT 1,WV-01,134336,Democratic,53318,39.69003096712721
WV,DISTRICT 1,WV-01,134336,Republican,81018,60.3099690328728
WV,DISTRICT 2,WV-02,123087,Democratic,74184,60.26956542933048
WV,DISTRICT 2,WV-02,123087,Republican,48903,39.73043457066952
WV,DISTRICT 3,WV-03,119977,Democratic,71719,59.77729064737408
WV,DISTRICT 3,WV-03,119977,Republican,48258,40.22270935262592
WV,DISTRICT 4,WV-04,155983,Democratic,82931,53.16669124199432
WV,DISTRICT 4,WV-04,155983,Republican,73052,46.83330875800568
WV,DISTRICT 5,WV-05,111576,Democratic,77524,69.4808919480892
WV,DISTRICT 5,WV-05,111576,Republican,34052,30.519108051910806
WV,DISTRICT 6,WV-06,175522,Democratic,108452,61.78826585841091
WV,DISTRICT 6,WV-06,175522,Republican,67070,38.21173414158909
WI,DISTRICT 1,WI-01,185308,Democratic,87646,47.29747231635979
WI,DISTRICT 1,WI-01,185308,Republican,97662,52.70252768364021
WI,DISTRICT 2,WI-02,224629,Democratic,119885,53.37022379122909
WI,DISTRICT 2,WI-02,224629,Republican,104744,46.629776208770906
WI,DISTRICT 3,WI-03,131204,Democratic,59527,45.3698057986037
WI,DISTRICT 3,WI-03,131204,Republican,71677,54.6301942013963
WI,DISTRICT 4,WI-04,217278,Democratic,155789,71.70031020167711
WI,DISTRICT 4,WI-04,217278,Republican,61468,28.290024760905386
WI,DISTRICT 4,WI-04,217278,Other,21,0.009665037417502001
WI,DISTRICT 5,WI-05,218850,Democratic,126314,57.717157870687686
WI,DISTRICT 5,WI-05,218850,Republican,92526,42.278272789581905
WI,DISTRICT 5,WI-05,218850,Other,10,0.004569339730408956
WI,DISTRICT 6,WI-06,163892,Democratic,72442,44.201059234129794
WI,DISTRICT 6,WI-06,163892,Republican,91450,55.798940765870206
WI,DISTRICT 7,WI-07,141758,Democratic,46606,32.87715684476361
WI,DISTRICT 7,WI-07,141758,Republican,95152,67.1228431552364
WI,DISTRICT 8,WI-08,171872,Democratic,70740,41.15853658536585
WI,DISTRICT 8,WI-08,171872,Republican,101132,58.84146341463414
WI,DISTRICT 9,WI-09,131337,Democratic,74268,56.5476598369081
WI,DISTRICT 9,WI-09,131337,Republican,57069,43.4523401630919
WI,DISTRICT 10,WI-10,76959,Democratic,0,0.0
WI,DISTRICT 10,WI-10,76959,Republican,73114,95.00383320989097
WI,DISTRICT 10,WI-10,76959,Other,3845,4.996166790109019
WY,DISTRICT 1,WY-01,134331,Democratic,64090,47.710506137823735
WY,DISTRICT 1,WY-01,134331,Republican,70241,52.289493862176265
